y_true,y_pred_supervised,y_pred_combined
gamma,gamma,gamma
gamma,gamma,gamma
gamma,gamma,gamma
gamma,gamma,gamma
gamma,gamma,gamma
gamma,gamma,gamma
gamma,gamma,gamma
gamma,gamma,gamma
gamma,gamma,gamma
gamma,gamma,gamma
gamma,gamma,gamma
gamma,gamma,gamma
gamma,gamma,gamma
gamma,gamma,gamma
gamma,gamma,gamma
gamma,gamma,gamma
gamma,gamma,gamma
gamma,gamma,gamma
gamma,gamma,gamma
gamma,gamma,gamma
gamma,gamma,gamma
gamma,gamma,gamma
gamma,gamma,gamma
gamma,gamma,gamma
gamma,gamma,gamma
gamma,gamma,gamma
gamma,gamma,gamma
gamma,gamma,gamma
gamma,gamma,gamma
gamma,gamma,gamma
gamma,gamma,gamma
gamma,gamma,gamma
gamma,gamma,gamma
gamma,gamma,gamma
gamma,gamma,gamma
gamma,gamma,gamma
gamma,gamma,gamma
gamma,gamma,gamma
gamma,gamma,gamma
gamma,gamma,gamma
gamma,gamma,gamma
gamma,gamma,gamma
gamma,gamma,gamma
gamma,gamma,gamma
gamma,gamma,gamma
gamma,gamma,gamma
gamma,gamma,gamma
gamma,gamma,gamma
gamma,gamma,gamma
gamma,gamma,gamma
gamma,gamma,gamma
gamma,gamma,gamma
gamma,gamma,gamma
gamma,gamma,gamma
gamma,gamma,gamma
gamma,gamma,gamma
gamma,gamma,gamma
gamma,gamma,gamma
gamma,gamma,8
gamma,gamma,gamma
gamma,gamma,gamma
gamma,gamma,gamma
gamma,gamma,gamma
gamma,gamma,gamma
gamma,gamma,gamma
gamma,gamma,gamma
gamma,gamma,gamma
gamma,gamma,gamma
gamma,gamma,gamma
gamma,gamma,gamma
gamma,gamma,gamma
gamma,gamma,gamma
gamma,gamma,gamma
gamma,gamma,gamma
gamma,gamma,gamma
gamma,gamma,gamma
gamma,gamma,gamma
gamma,gamma,gamma
gamma,gamma,gamma
gamma,gamma,gamma
gamma,gamma,gamma
gamma,gamma,gamma
gamma,gamma,gamma
gamma,gamma,gamma
gamma,gamma,gamma
gamma,gamma,gamma
gamma,gamma,gamma
gamma,gamma,gamma
gamma,gamma,gamma
gamma,gamma,gamma
gamma,gamma,8
gamma,gamma,gamma
gamma,gamma,gamma
gamma,gamma,gamma
gamma,gamma,gamma
gamma,gamma,gamma
gamma,gamma,gamma
gamma,gamma,gamma
gamma,gamma,gamma
gamma,gamma,gamma
gamma,gamma,gamma
gamma,gamma,gamma
gamma,gamma,gamma
gamma,gamma,gamma
gamma,gamma,gamma
gamma,gamma,gamma
gamma,gamma,gamma
gamma,gamma,gamma
gamma,gamma,gamma
gamma,gamma,gamma
acinar,alpha,9
acinar,alpha,9
acinar,beta,9
acinar,alpha,9
acinar,alpha,9
acinar,alpha,9
acinar,beta,9
acinar,alpha,9
acinar,beta,9
acinar,alpha,9
acinar,beta,9
acinar,alpha,9
acinar,beta,9
acinar,beta,9
acinar,beta,9
acinar,alpha,9
acinar,alpha,9
acinar,alpha,9
acinar,beta,9
acinar,alpha,9
acinar,alpha,9
acinar,beta,9
acinar,beta,9
acinar,delta,9
acinar,alpha,alpha
acinar,alpha,9
acinar,alpha,9
acinar,alpha,9
acinar,beta,9
acinar,alpha,9
acinar,alpha,9
acinar,alpha,9
acinar,alpha,9
acinar,alpha,9
acinar,alpha,9
acinar,beta,9
acinar,beta,9
acinar,beta,9
acinar,beta,9
acinar,alpha,9
acinar,beta,9
acinar,alpha,9
acinar,alpha,9
acinar,alpha,9
acinar,alpha,9
acinar,alpha,9
acinar,alpha,9
acinar,alpha,9
acinar,beta,9
acinar,alpha,9
acinar,alpha,9
acinar,beta,9
acinar,beta,9
acinar,alpha,9
acinar,alpha,9
acinar,alpha,9
acinar,gamma,9
acinar,alpha,9
acinar,alpha,9
acinar,delta,9
acinar,alpha,9
acinar,alpha,9
acinar,beta,9
acinar,alpha,9
acinar,alpha,9
acinar,alpha,9
acinar,alpha,9
acinar,alpha,9
acinar,alpha,9
acinar,alpha,9
acinar,alpha,9
acinar,alpha,9
acinar,beta,9
acinar,beta,9
acinar,alpha,9
acinar,alpha,9
acinar,beta,9
acinar,alpha,alpha
acinar,beta,9
acinar,alpha,9
acinar,alpha,9
acinar,alpha,9
acinar,beta,9
acinar,alpha,9
acinar,alpha,9
acinar,alpha,9
acinar,beta,9
acinar,beta,9
acinar,alpha,9
acinar,alpha,9
acinar,alpha,9
acinar,alpha,9
acinar,alpha,9
acinar,alpha,9
acinar,alpha,9
acinar,alpha,9
acinar,beta,9
acinar,alpha,9
acinar,beta,9
acinar,alpha,9
acinar,alpha,9
acinar,beta,9
acinar,beta,9
acinar,beta,9
acinar,beta,9
acinar,beta,9
acinar,beta,9
acinar,alpha,alpha
acinar,alpha,9
acinar,alpha,9
acinar,alpha,9
acinar,alpha,9
acinar,beta,9
acinar,alpha,9
acinar,beta,9
acinar,beta,9
acinar,beta,beta
acinar,alpha,9
acinar,alpha,9
acinar,beta,9
acinar,alpha,9
acinar,alpha,9
acinar,delta,9
acinar,alpha,9
acinar,alpha,9
acinar,alpha,9
acinar,alpha,9
acinar,beta,9
acinar,alpha,9
acinar,beta,9
acinar,beta,9
acinar,beta,9
acinar,beta,9
acinar,alpha,alpha
acinar,alpha,9
acinar,beta,9
acinar,alpha,9
acinar,alpha,9
acinar,alpha,9
acinar,alpha,9
acinar,beta,9
acinar,alpha,9
acinar,alpha,9
acinar,beta,9
acinar,beta,9
acinar,alpha,9
acinar,beta,9
acinar,beta,9
acinar,beta,9
acinar,alpha,9
acinar,alpha,9
acinar,alpha,9
acinar,beta,9
acinar,alpha,9
acinar,alpha,9
acinar,beta,9
acinar,alpha,9
acinar,alpha,alpha
acinar,alpha,alpha
acinar,beta,9
acinar,beta,9
acinar,alpha,9
acinar,beta,9
acinar,alpha,9
acinar,alpha,9
acinar,alpha,9
acinar,alpha,9
acinar,beta,9
acinar,alpha,9
acinar,alpha,9
acinar,beta,9
acinar,alpha,9
acinar,beta,9
acinar,alpha,9
acinar,alpha,9
acinar,beta,9
acinar,beta,9
acinar,beta,9
acinar,alpha,9
acinar,beta,9
acinar,beta,9
acinar,beta,9
acinar,beta,9
acinar,alpha,9
acinar,alpha,9
acinar,beta,9
acinar,beta,9
acinar,beta,9
acinar,beta,9
acinar,beta,9
acinar,alpha,9
acinar,alpha,9
acinar,alpha,9
acinar,alpha,9
acinar,alpha,9
acinar,alpha,9
acinar,beta,9
acinar,beta,9
acinar,alpha,9
acinar,alpha,9
acinar,alpha,9
acinar,beta,9
acinar,beta,9
acinar,beta,9
acinar,beta,9
acinar,beta,9
acinar,alpha,9
acinar,beta,9
acinar,beta,9
acinar,delta,9
acinar,alpha,9
acinar,gamma,9
acinar,alpha,9
acinar,beta,9
acinar,beta,9
acinar,beta,9
acinar,alpha,9
acinar,beta,9
acinar,beta,9
acinar,beta,9
acinar,alpha,9
acinar,beta,9
acinar,alpha,9
acinar,alpha,9
acinar,alpha,9
acinar,beta,9
acinar,beta,9
acinar,beta,9
acinar,alpha,9
acinar,beta,9
acinar,beta,9
acinar,beta,9
acinar,alpha,9
acinar,beta,9
acinar,alpha,9
acinar,delta,9
acinar,alpha,9
acinar,alpha,9
acinar,alpha,9
acinar,alpha,9
acinar,beta,9
acinar,alpha,9
acinar,alpha,9
acinar,alpha,9
acinar,beta,9
acinar,beta,9
acinar,alpha,9
acinar,delta,9
acinar,alpha,9
acinar,beta,9
acinar,delta,9
acinar,beta,9
acinar,alpha,9
acinar,beta,9
acinar,alpha,9
acinar,alpha,9
acinar,delta,9
acinar,beta,9
acinar,beta,9
acinar,beta,9
acinar,beta,9
acinar,beta,9
acinar,alpha,9
acinar,beta,9
acinar,alpha,9
acinar,alpha,9
acinar,alpha,9
acinar,alpha,9
acinar,alpha,9
acinar,alpha,9
acinar,alpha,9
acinar,alpha,9
acinar,alpha,9
acinar,alpha,9
alpha,alpha,alpha
alpha,alpha,7
alpha,alpha,7
alpha,alpha,7
alpha,alpha,alpha
alpha,alpha,7
alpha,alpha,alpha
alpha,alpha,7
alpha,alpha,alpha
alpha,alpha,alpha
alpha,beta,10
alpha,alpha,7
alpha,alpha,7
alpha,alpha,alpha
alpha,alpha,alpha
alpha,alpha,alpha
alpha,alpha,7
alpha,alpha,alpha
alpha,alpha,alpha
alpha,alpha,7
alpha,alpha,7
alpha,alpha,7
alpha,gamma,7
alpha,alpha,alpha
alpha,alpha,7
alpha,alpha,7
alpha,alpha,alpha
alpha,alpha,alpha
alpha,alpha,alpha
alpha,alpha,alpha
alpha,alpha,9
alpha,alpha,alpha
alpha,alpha,6
alpha,alpha,alpha
alpha,alpha,alpha
alpha,alpha,7
alpha,alpha,alpha
alpha,alpha,7
alpha,alpha,alpha
alpha,alpha,alpha
alpha,alpha,alpha
alpha,alpha,7
alpha,alpha,7
alpha,alpha,7
alpha,alpha,alpha
alpha,alpha,7
alpha,alpha,alpha
alpha,alpha,7
alpha,alpha,7
alpha,alpha,7
alpha,alpha,7
alpha,alpha,alpha
alpha,alpha,alpha
alpha,alpha,alpha
alpha,alpha,alpha
alpha,alpha,7
alpha,alpha,7
alpha,alpha,7
alpha,alpha,7
alpha,alpha,alpha
alpha,alpha,7
alpha,alpha,7
alpha,alpha,7
alpha,alpha,alpha
alpha,alpha,7
alpha,alpha,alpha
alpha,alpha,10
alpha,alpha,7
alpha,alpha,7
alpha,alpha,7
alpha,alpha,7
alpha,alpha,7
alpha,alpha,alpha
alpha,alpha,alpha
alpha,alpha,alpha
alpha,alpha,alpha
alpha,alpha,alpha
alpha,alpha,7
alpha,alpha,alpha
alpha,alpha,7
alpha,alpha,alpha
alpha,alpha,alpha
alpha,beta,10
alpha,alpha,alpha
alpha,alpha,alpha
alpha,alpha,alpha
alpha,alpha,alpha
alpha,alpha,7
alpha,alpha,alpha
alpha,alpha,alpha
alpha,alpha,7
alpha,alpha,alpha
alpha,alpha,7
alpha,alpha,7
alpha,alpha,10
alpha,alpha,7
alpha,alpha,alpha
alpha,alpha,alpha
alpha,alpha,alpha
alpha,alpha,alpha
alpha,alpha,7
alpha,alpha,alpha
alpha,alpha,7
alpha,alpha,alpha
alpha,alpha,7
alpha,alpha,alpha
alpha,alpha,alpha
alpha,alpha,alpha
alpha,alpha,alpha
alpha,alpha,7
alpha,alpha,7
alpha,alpha,alpha
alpha,alpha,7
alpha,alpha,alpha
alpha,alpha,7
alpha,alpha,7
alpha,alpha,7
alpha,alpha,7
alpha,alpha,alpha
alpha,alpha,7
alpha,alpha,alpha
alpha,alpha,7
alpha,alpha,alpha
alpha,alpha,7
alpha,alpha,7
alpha,alpha,7
alpha,alpha,7
alpha,alpha,alpha
alpha,alpha,alpha
alpha,alpha,alpha
alpha,alpha,alpha
alpha,alpha,alpha
alpha,alpha,7
alpha,alpha,alpha
alpha,alpha,alpha
alpha,alpha,alpha
alpha,alpha,alpha
alpha,alpha,7
alpha,alpha,alpha
alpha,alpha,7
alpha,alpha,alpha
alpha,alpha,7
alpha,alpha,alpha
alpha,alpha,alpha
alpha,alpha,7
alpha,alpha,alpha
alpha,alpha,alpha
alpha,alpha,7
alpha,alpha,alpha
alpha,alpha,7
alpha,alpha,7
alpha,alpha,7
alpha,alpha,alpha
alpha,alpha,alpha
alpha,alpha,alpha
alpha,alpha,alpha
alpha,alpha,alpha
alpha,alpha,alpha
alpha,alpha,alpha
alpha,alpha,alpha
alpha,alpha,alpha
alpha,alpha,alpha
alpha,alpha,alpha
alpha,alpha,7
alpha,alpha,7
alpha,alpha,7
alpha,alpha,alpha
alpha,alpha,7
alpha,alpha,7
alpha,alpha,alpha
alpha,alpha,7
alpha,alpha,7
alpha,alpha,7
alpha,alpha,alpha
alpha,alpha,7
alpha,alpha,7
alpha,alpha,alpha
alpha,alpha,alpha
alpha,alpha,7
alpha,alpha,7
alpha,alpha,alpha
alpha,alpha,7
alpha,alpha,7
alpha,alpha,alpha
alpha,alpha,7
alpha,alpha,alpha
alpha,alpha,alpha
alpha,alpha,alpha
alpha,alpha,alpha
alpha,alpha,alpha
alpha,alpha,alpha
alpha,alpha,alpha
alpha,alpha,7
alpha,alpha,alpha
alpha,alpha,7
alpha,alpha,alpha
alpha,alpha,alpha
alpha,alpha,alpha
alpha,alpha,alpha
alpha,alpha,alpha
alpha,alpha,alpha
alpha,alpha,7
alpha,alpha,alpha
alpha,alpha,7
alpha,alpha,alpha
alpha,alpha,alpha
alpha,alpha,alpha
alpha,alpha,alpha
alpha,alpha,7
alpha,alpha,alpha
alpha,alpha,7
alpha,alpha,alpha
alpha,alpha,alpha
alpha,alpha,alpha
alpha,alpha,alpha
alpha,alpha,alpha
alpha,alpha,alpha
alpha,alpha,alpha
alpha,alpha,alpha
alpha,alpha,alpha
alpha,alpha,alpha
alpha,alpha,alpha
alpha,alpha,7
alpha,alpha,7
alpha,alpha,11
alpha,alpha,alpha
alpha,alpha,alpha
alpha,alpha,alpha
alpha,alpha,7
alpha,alpha,alpha
alpha,alpha,7
alpha,alpha,alpha
alpha,alpha,7
alpha,alpha,alpha
alpha,alpha,alpha
alpha,alpha,alpha
alpha,alpha,alpha
alpha,alpha,alpha
alpha,alpha,alpha
alpha,alpha,alpha
alpha,alpha,alpha
alpha,alpha,7
alpha,alpha,7
alpha,alpha,7
alpha,alpha,7
alpha,alpha,alpha
alpha,alpha,7
alpha,alpha,alpha
alpha,alpha,7
alpha,alpha,7
alpha,alpha,alpha
alpha,alpha,alpha
alpha,alpha,7
alpha,alpha,alpha
alpha,alpha,alpha
alpha,alpha,alpha
alpha,alpha,7
alpha,alpha,alpha
alpha,alpha,7
alpha,alpha,alpha
alpha,alpha,alpha
alpha,alpha,alpha
alpha,alpha,alpha
alpha,alpha,alpha
alpha,alpha,7
alpha,alpha,7
alpha,alpha,alpha
alpha,alpha,alpha
alpha,alpha,alpha
alpha,beta,beta
alpha,alpha,7
alpha,gamma,7
alpha,alpha,alpha
alpha,alpha,alpha
alpha,alpha,7
alpha,alpha,7
alpha,alpha,7
alpha,alpha,alpha
alpha,alpha,alpha
alpha,alpha,alpha
alpha,alpha,alpha
alpha,alpha,alpha
alpha,alpha,7
alpha,alpha,alpha
alpha,alpha,alpha
alpha,alpha,alpha
alpha,alpha,7
alpha,alpha,alpha
alpha,alpha,alpha
alpha,alpha,7
alpha,alpha,alpha
alpha,alpha,7
alpha,alpha,alpha
alpha,alpha,alpha
alpha,alpha,7
alpha,alpha,alpha
alpha,alpha,alpha
alpha,alpha,7
alpha,alpha,alpha
alpha,alpha,alpha
alpha,alpha,alpha
alpha,alpha,alpha
alpha,alpha,7
alpha,alpha,alpha
alpha,alpha,alpha
alpha,alpha,alpha
alpha,alpha,alpha
alpha,alpha,alpha
alpha,alpha,alpha
alpha,alpha,7
alpha,alpha,7
alpha,alpha,alpha
alpha,alpha,alpha
alpha,alpha,7
alpha,alpha,alpha
alpha,alpha,7
alpha,alpha,alpha
alpha,alpha,7
alpha,alpha,7
alpha,alpha,alpha
alpha,alpha,alpha
alpha,delta,7
alpha,alpha,alpha
alpha,alpha,alpha
alpha,alpha,alpha
alpha,alpha,7
alpha,alpha,alpha
alpha,alpha,7
alpha,alpha,alpha
alpha,alpha,alpha
alpha,alpha,alpha
alpha,alpha,alpha
alpha,alpha,alpha
alpha,alpha,alpha
alpha,alpha,alpha
alpha,alpha,alpha
alpha,alpha,7
alpha,alpha,7
alpha,alpha,alpha
alpha,alpha,7
alpha,alpha,alpha
alpha,alpha,alpha
alpha,alpha,7
alpha,alpha,7
alpha,alpha,alpha
alpha,alpha,7
alpha,beta,10
alpha,alpha,alpha
alpha,alpha,7
alpha,alpha,alpha
alpha,alpha,alpha
alpha,alpha,alpha
alpha,alpha,alpha
alpha,alpha,alpha
alpha,alpha,7
alpha,alpha,7
alpha,alpha,alpha
alpha,alpha,alpha
alpha,alpha,alpha
alpha,alpha,7
alpha,alpha,alpha
alpha,alpha,alpha
alpha,gamma,7
alpha,alpha,alpha
alpha,beta,10
alpha,alpha,7
alpha,alpha,alpha
alpha,alpha,alpha
alpha,alpha,alpha
alpha,alpha,7
alpha,alpha,alpha
alpha,alpha,7
alpha,alpha,alpha
alpha,alpha,7
alpha,alpha,alpha
alpha,alpha,alpha
alpha,alpha,7
alpha,alpha,alpha
alpha,alpha,alpha
alpha,alpha,alpha
alpha,alpha,alpha
alpha,alpha,7
alpha,alpha,7
alpha,alpha,alpha
alpha,alpha,7
alpha,alpha,7
alpha,alpha,alpha
alpha,alpha,alpha
alpha,alpha,alpha
alpha,alpha,alpha
alpha,alpha,alpha
alpha,alpha,7
alpha,alpha,7
alpha,alpha,alpha
alpha,gamma,gamma
alpha,alpha,alpha
alpha,alpha,alpha
alpha,alpha,alpha
alpha,alpha,9
alpha,alpha,10
alpha,alpha,alpha
alpha,alpha,7
alpha,alpha,7
alpha,alpha,alpha
alpha,alpha,alpha
alpha,alpha,alpha
alpha,alpha,7
alpha,alpha,alpha
alpha,alpha,7
alpha,alpha,alpha
alpha,alpha,alpha
alpha,alpha,alpha
alpha,alpha,7
alpha,alpha,alpha
alpha,alpha,alpha
alpha,alpha,7
alpha,alpha,alpha
alpha,alpha,11
alpha,alpha,alpha
alpha,alpha,7
alpha,alpha,alpha
alpha,alpha,7
alpha,alpha,alpha
alpha,alpha,alpha
alpha,alpha,7
alpha,alpha,alpha
alpha,alpha,alpha
alpha,alpha,alpha
alpha,alpha,7
alpha,alpha,7
alpha,alpha,alpha
alpha,alpha,7
alpha,alpha,alpha
alpha,alpha,7
alpha,alpha,7
alpha,alpha,alpha
alpha,alpha,alpha
alpha,alpha,alpha
alpha,alpha,alpha
alpha,alpha,alpha
alpha,alpha,7
alpha,alpha,10
alpha,alpha,7
alpha,alpha,7
alpha,alpha,7
alpha,alpha,alpha
alpha,alpha,alpha
alpha,alpha,10
alpha,alpha,alpha
alpha,alpha,alpha
alpha,alpha,7
alpha,alpha,alpha
alpha,alpha,alpha
alpha,alpha,alpha
alpha,alpha,7
alpha,alpha,alpha
alpha,alpha,7
alpha,alpha,7
alpha,alpha,alpha
alpha,alpha,alpha
alpha,alpha,alpha
alpha,alpha,7
alpha,alpha,alpha
alpha,alpha,alpha
alpha,delta,10
alpha,alpha,alpha
alpha,alpha,alpha
alpha,alpha,7
alpha,alpha,10
alpha,alpha,alpha
alpha,alpha,7
alpha,alpha,7
alpha,alpha,alpha
alpha,alpha,7
alpha,alpha,7
alpha,alpha,7
alpha,alpha,alpha
alpha,alpha,10
alpha,delta,delta
alpha,alpha,alpha
alpha,alpha,7
alpha,alpha,7
alpha,alpha,7
alpha,alpha,7
alpha,alpha,7
alpha,alpha,alpha
alpha,alpha,alpha
alpha,alpha,7
alpha,alpha,alpha
alpha,alpha,7
alpha,alpha,7
alpha,alpha,alpha
alpha,alpha,7
alpha,alpha,alpha
alpha,alpha,alpha
alpha,alpha,alpha
alpha,alpha,alpha
alpha,alpha,7
alpha,alpha,alpha
alpha,alpha,alpha
alpha,alpha,alpha
alpha,alpha,alpha
alpha,alpha,7
alpha,alpha,7
alpha,alpha,alpha
alpha,alpha,alpha
alpha,alpha,alpha
alpha,alpha,alpha
alpha,alpha,alpha
alpha,alpha,alpha
alpha,alpha,7
alpha,alpha,alpha
alpha,alpha,7
alpha,alpha,alpha
alpha,alpha,alpha
alpha,alpha,7
alpha,alpha,7
alpha,alpha,alpha
alpha,alpha,alpha
alpha,alpha,alpha
alpha,alpha,alpha
alpha,alpha,alpha
alpha,alpha,7
alpha,alpha,alpha
alpha,alpha,alpha
alpha,alpha,7
alpha,alpha,alpha
alpha,alpha,alpha
alpha,alpha,7
alpha,alpha,7
alpha,alpha,7
alpha,alpha,7
alpha,alpha,7
alpha,alpha,11
alpha,alpha,7
alpha,alpha,7
alpha,alpha,alpha
alpha,alpha,7
alpha,alpha,alpha
alpha,alpha,7
alpha,alpha,alpha
alpha,alpha,7
alpha,alpha,7
alpha,alpha,alpha
alpha,alpha,alpha
alpha,alpha,alpha
alpha,alpha,alpha
alpha,alpha,7
alpha,alpha,alpha
alpha,alpha,7
alpha,alpha,alpha
alpha,alpha,alpha
alpha,alpha,alpha
alpha,alpha,alpha
alpha,alpha,alpha
alpha,alpha,7
alpha,alpha,7
alpha,alpha,alpha
alpha,alpha,alpha
alpha,alpha,alpha
alpha,alpha,alpha
alpha,alpha,alpha
alpha,alpha,alpha
alpha,alpha,alpha
alpha,alpha,alpha
alpha,alpha,alpha
alpha,alpha,7
alpha,alpha,alpha
alpha,alpha,7
alpha,alpha,alpha
alpha,alpha,7
alpha,alpha,7
alpha,alpha,7
alpha,alpha,7
alpha,alpha,alpha
alpha,alpha,7
alpha,alpha,alpha
alpha,alpha,alpha
alpha,alpha,7
alpha,alpha,alpha
alpha,alpha,alpha
alpha,alpha,alpha
alpha,alpha,alpha
alpha,alpha,alpha
alpha,alpha,alpha
alpha,alpha,alpha
alpha,alpha,alpha
alpha,alpha,alpha
alpha,alpha,alpha
alpha,alpha,alpha
alpha,alpha,alpha
alpha,alpha,alpha
alpha,alpha,alpha
alpha,alpha,alpha
alpha,alpha,alpha
alpha,alpha,alpha
alpha,alpha,alpha
alpha,alpha,alpha
alpha,alpha,7
alpha,alpha,alpha
alpha,alpha,alpha
alpha,alpha,alpha
alpha,alpha,alpha
alpha,alpha,alpha
alpha,alpha,alpha
alpha,alpha,alpha
alpha,alpha,alpha
alpha,alpha,alpha
alpha,alpha,7
alpha,alpha,alpha
alpha,alpha,7
alpha,alpha,alpha
alpha,alpha,alpha
alpha,alpha,alpha
alpha,alpha,alpha
alpha,alpha,alpha
alpha,alpha,alpha
alpha,alpha,7
alpha,alpha,alpha
alpha,alpha,7
alpha,alpha,alpha
alpha,alpha,7
alpha,alpha,7
alpha,alpha,alpha
alpha,alpha,alpha
alpha,alpha,7
alpha,alpha,alpha
alpha,alpha,alpha
alpha,alpha,7
alpha,alpha,7
alpha,alpha,alpha
alpha,alpha,alpha
alpha,alpha,alpha
alpha,alpha,alpha
alpha,alpha,alpha
alpha,alpha,alpha
alpha,alpha,7
alpha,alpha,7
alpha,alpha,alpha
alpha,alpha,alpha
alpha,alpha,7
alpha,alpha,alpha
alpha,alpha,alpha
alpha,alpha,7
alpha,alpha,alpha
alpha,alpha,7
alpha,alpha,7
alpha,alpha,alpha
alpha,alpha,alpha
alpha,alpha,alpha
alpha,alpha,alpha
alpha,alpha,alpha
alpha,alpha,alpha
alpha,alpha,alpha
alpha,alpha,alpha
alpha,alpha,alpha
alpha,alpha,alpha
alpha,alpha,7
alpha,alpha,alpha
alpha,alpha,7
alpha,alpha,alpha
alpha,alpha,alpha
alpha,alpha,7
alpha,alpha,7
alpha,alpha,alpha
alpha,alpha,alpha
alpha,alpha,7
alpha,alpha,7
alpha,alpha,alpha
alpha,alpha,alpha
alpha,alpha,alpha
alpha,alpha,alpha
alpha,alpha,7
alpha,alpha,alpha
alpha,alpha,7
alpha,alpha,7
alpha,alpha,7
alpha,alpha,alpha
alpha,alpha,alpha
alpha,alpha,alpha
alpha,alpha,alpha
alpha,alpha,alpha
alpha,alpha,7
alpha,alpha,7
alpha,alpha,7
alpha,alpha,7
alpha,alpha,alpha
alpha,alpha,7
alpha,alpha,alpha
alpha,alpha,7
alpha,alpha,alpha
alpha,alpha,7
alpha,alpha,alpha
alpha,alpha,alpha
alpha,alpha,alpha
alpha,alpha,alpha
alpha,alpha,7
alpha,alpha,alpha
alpha,alpha,7
alpha,alpha,alpha
alpha,alpha,alpha
alpha,alpha,7
alpha,alpha,alpha
alpha,alpha,7
alpha,alpha,7
alpha,alpha,7
alpha,alpha,7
alpha,alpha,7
alpha,alpha,7
alpha,alpha,alpha
alpha,alpha,7
alpha,alpha,7
alpha,alpha,alpha
alpha,alpha,alpha
alpha,alpha,7
alpha,alpha,7
alpha,alpha,alpha
alpha,alpha,alpha
alpha,alpha,alpha
alpha,alpha,alpha
alpha,alpha,alpha
alpha,alpha,7
alpha,alpha,alpha
alpha,alpha,alpha
alpha,alpha,7
alpha,alpha,alpha
alpha,alpha,alpha
alpha,alpha,7
alpha,alpha,alpha
alpha,alpha,7
alpha,alpha,7
alpha,alpha,alpha
alpha,alpha,7
alpha,alpha,7
alpha,alpha,7
alpha,alpha,alpha
alpha,alpha,7
alpha,alpha,7
alpha,alpha,7
alpha,alpha,alpha
alpha,alpha,alpha
alpha,alpha,alpha
alpha,alpha,alpha
alpha,alpha,7
alpha,alpha,alpha
alpha,alpha,alpha
alpha,alpha,7
alpha,alpha,7
alpha,alpha,7
alpha,alpha,7
alpha,alpha,alpha
alpha,alpha,alpha
alpha,alpha,7
alpha,alpha,7
alpha,gamma,7
alpha,alpha,alpha
alpha,alpha,alpha
alpha,alpha,7
alpha,alpha,alpha
alpha,alpha,7
alpha,alpha,alpha
alpha,alpha,alpha
alpha,alpha,alpha
alpha,alpha,alpha
alpha,alpha,alpha
alpha,alpha,alpha
alpha,alpha,alpha
alpha,alpha,alpha
alpha,alpha,alpha
alpha,alpha,7
alpha,alpha,alpha
alpha,alpha,alpha
alpha,alpha,alpha
alpha,alpha,7
alpha,alpha,alpha
alpha,alpha,7
alpha,alpha,alpha
alpha,alpha,7
alpha,alpha,7
alpha,alpha,alpha
alpha,alpha,7
alpha,alpha,alpha
alpha,alpha,alpha
alpha,alpha,7
alpha,alpha,alpha
alpha,alpha,alpha
alpha,alpha,alpha
alpha,alpha,7
alpha,alpha,alpha
alpha,alpha,alpha
alpha,alpha,alpha
alpha,alpha,alpha
alpha,alpha,alpha
alpha,alpha,7
alpha,alpha,7
alpha,alpha,alpha
alpha,alpha,7
alpha,alpha,alpha
alpha,beta,0
alpha,alpha,7
alpha,alpha,alpha
alpha,alpha,alpha
alpha,alpha,alpha
alpha,alpha,alpha
alpha,alpha,7
alpha,alpha,alpha
alpha,alpha,alpha
alpha,alpha,7
alpha,alpha,alpha
alpha,alpha,alpha
alpha,alpha,alpha
alpha,alpha,alpha
alpha,alpha,alpha
alpha,alpha,alpha
alpha,alpha,alpha
alpha,alpha,alpha
alpha,alpha,7
alpha,alpha,alpha
alpha,gamma,7
alpha,alpha,7
alpha,alpha,alpha
alpha,alpha,alpha
alpha,alpha,7
alpha,alpha,alpha
alpha,alpha,7
alpha,alpha,7
alpha,alpha,7
alpha,alpha,alpha
alpha,alpha,alpha
alpha,alpha,alpha
alpha,alpha,7
alpha,alpha,alpha
alpha,alpha,7
alpha,alpha,alpha
alpha,alpha,7
alpha,alpha,7
alpha,alpha,7
alpha,alpha,alpha
alpha,alpha,7
alpha,alpha,alpha
alpha,alpha,alpha
alpha,alpha,alpha
alpha,alpha,7
delta,delta,delta
delta,delta,delta
delta,delta,delta
delta,delta,delta
delta,delta,delta
delta,delta,delta
delta,delta,delta
delta,delta,delta
delta,delta,delta
delta,delta,delta
delta,delta,delta
delta,delta,delta
delta,delta,delta
delta,delta,delta
delta,delta,delta
delta,delta,delta
delta,delta,delta
delta,delta,delta
delta,delta,delta
delta,delta,delta
delta,delta,delta
delta,delta,delta
delta,delta,delta
delta,delta,delta
delta,delta,delta
delta,delta,delta
delta,delta,delta
delta,delta,delta
delta,delta,delta
delta,delta,delta
delta,delta,delta
delta,delta,delta
delta,delta,delta
delta,delta,delta
delta,delta,delta
delta,delta,delta
delta,delta,delta
delta,delta,delta
delta,delta,delta
delta,delta,delta
delta,delta,delta
delta,delta,delta
delta,delta,delta
delta,delta,delta
delta,delta,delta
delta,delta,delta
delta,delta,delta
delta,delta,delta
delta,delta,delta
delta,delta,delta
delta,delta,delta
delta,delta,delta
delta,delta,delta
delta,delta,delta
delta,delta,delta
delta,delta,delta
delta,delta,delta
delta,delta,delta
delta,delta,delta
delta,delta,delta
delta,delta,delta
delta,delta,delta
delta,delta,delta
delta,delta,delta
delta,delta,delta
delta,delta,delta
delta,delta,delta
delta,delta,delta
delta,delta,delta
delta,delta,delta
delta,delta,delta
delta,delta,delta
delta,delta,delta
delta,delta,delta
delta,delta,delta
delta,delta,delta
delta,delta,delta
delta,delta,delta
delta,delta,delta
delta,delta,delta
delta,delta,delta
delta,delta,delta
delta,delta,delta
delta,delta,delta
delta,delta,delta
delta,delta,delta
delta,delta,delta
delta,delta,delta
delta,delta,delta
delta,delta,10
delta,delta,delta
delta,delta,delta
delta,delta,delta
delta,delta,delta
delta,delta,delta
delta,delta,delta
delta,delta,delta
delta,delta,delta
delta,delta,delta
delta,delta,delta
delta,delta,delta
delta,delta,delta
delta,delta,delta
delta,delta,delta
delta,delta,delta
delta,delta,delta
delta,delta,delta
delta,delta,delta
delta,delta,10
delta,delta,delta
delta,delta,delta
delta,delta,delta
delta,delta,delta
delta,delta,delta
delta,delta,delta
delta,delta,delta
delta,delta,delta
delta,delta,delta
delta,delta,delta
delta,delta,delta
delta,delta,delta
delta,delta,delta
delta,delta,delta
delta,delta,delta
delta,delta,delta
delta,delta,delta
delta,delta,delta
delta,delta,delta
delta,delta,delta
delta,delta,delta
delta,delta,delta
delta,delta,delta
delta,delta,delta
delta,delta,delta
delta,delta,delta
delta,delta,delta
delta,delta,delta
delta,delta,delta
delta,delta,delta
delta,delta,delta
delta,delta,delta
delta,delta,delta
delta,delta,delta
delta,delta,delta
delta,delta,delta
delta,delta,delta
delta,delta,delta
delta,delta,delta
delta,delta,delta
delta,delta,delta
delta,delta,delta
delta,delta,delta
delta,delta,delta
delta,delta,delta
delta,delta,delta
delta,delta,delta
delta,delta,delta
delta,delta,delta
delta,delta,delta
delta,delta,delta
delta,delta,delta
delta,delta,delta
delta,delta,delta
delta,delta,delta
delta,delta,delta
delta,delta,delta
delta,delta,delta
delta,delta,delta
delta,beta,10
delta,delta,delta
delta,delta,delta
delta,delta,delta
delta,delta,delta
delta,delta,delta
delta,delta,delta
delta,delta,delta
delta,delta,delta
delta,delta,delta
delta,delta,delta
delta,delta,delta
delta,delta,delta
delta,delta,delta
delta,delta,delta
delta,delta,delta
delta,delta,delta
delta,delta,delta
delta,delta,delta
delta,delta,delta
delta,beta,10
delta,delta,delta
delta,delta,delta
delta,delta,delta
delta,delta,delta
delta,delta,10
delta,delta,delta
delta,delta,delta
delta,delta,delta
delta,delta,delta
delta,delta,delta
delta,delta,delta
delta,delta,delta
delta,delta,delta
delta,delta,delta
beta,beta,10
beta,beta,10
beta,beta,10
beta,beta,10
beta,beta,10
beta,beta,10
beta,beta,10
beta,beta,10
beta,beta,10
beta,beta,10
beta,beta,beta
beta,beta,beta
beta,beta,10
beta,beta,beta
beta,beta,10
beta,beta,beta
beta,beta,10
beta,beta,beta
beta,beta,beta
beta,beta,10
beta,beta,10
beta,delta,10
beta,beta,10
beta,beta,beta
beta,beta,10
beta,delta,delta
beta,beta,beta
beta,beta,beta
beta,beta,beta
beta,beta,10
beta,beta,10
beta,beta,beta
beta,beta,10
beta,beta,beta
beta,beta,10
beta,beta,beta
beta,beta,beta
beta,beta,10
beta,beta,beta
beta,beta,10
beta,beta,beta
beta,beta,beta
beta,beta,10
beta,beta,beta
beta,beta,beta
beta,beta,beta
beta,beta,beta
beta,beta,beta
beta,beta,beta
beta,beta,beta
beta,beta,beta
beta,beta,beta
beta,beta,beta
beta,beta,beta
beta,beta,10
beta,beta,beta
beta,beta,beta
beta,beta,beta
beta,beta,beta
beta,beta,beta
beta,beta,10
beta,beta,10
beta,beta,beta
beta,beta,beta
beta,beta,10
beta,beta,10
beta,beta,beta
beta,beta,beta
beta,beta,10
beta,beta,beta
beta,beta,beta
beta,beta,beta
beta,beta,beta
beta,beta,beta
beta,beta,beta
beta,beta,10
beta,beta,beta
beta,beta,10
beta,beta,10
beta,beta,beta
beta,beta,beta
beta,beta,10
beta,beta,beta
beta,beta,beta
beta,beta,beta
beta,beta,beta
beta,beta,10
beta,beta,beta
beta,beta,beta
beta,beta,beta
beta,beta,beta
beta,beta,10
beta,beta,beta
beta,beta,beta
beta,delta,10
beta,beta,beta
beta,beta,beta
beta,beta,beta
beta,beta,beta
beta,beta,beta
beta,beta,beta
beta,beta,10
beta,beta,beta
beta,beta,10
beta,beta,beta
beta,beta,beta
beta,beta,beta
beta,beta,10
beta,beta,beta
beta,beta,beta
beta,beta,beta
beta,beta,beta
beta,beta,beta
beta,beta,10
beta,beta,beta
beta,beta,beta
beta,beta,beta
beta,beta,10
beta,beta,10
beta,beta,beta
beta,beta,10
beta,beta,beta
beta,beta,10
beta,beta,beta
beta,beta,10
beta,beta,beta
beta,beta,beta
beta,beta,beta
beta,beta,beta
beta,beta,beta
beta,beta,beta
beta,beta,beta
beta,beta,beta
beta,beta,beta
beta,beta,beta
beta,beta,beta
beta,beta,beta
beta,beta,beta
beta,beta,beta
beta,beta,beta
beta,beta,beta
beta,beta,beta
beta,beta,beta
beta,beta,beta
beta,beta,beta
beta,beta,10
beta,beta,10
beta,beta,beta
beta,beta,10
beta,beta,beta
beta,beta,10
beta,beta,10
beta,beta,beta
beta,beta,beta
beta,beta,beta
beta,beta,beta
beta,beta,beta
beta,beta,beta
beta,beta,10
beta,beta,beta
beta,beta,beta
beta,beta,10
beta,beta,10
beta,beta,beta
beta,beta,10
beta,beta,beta
beta,beta,beta
beta,beta,beta
beta,beta,beta
beta,beta,10
beta,beta,10
beta,beta,beta
beta,beta,beta
beta,beta,beta
beta,beta,beta
beta,delta,delta
beta,beta,beta
beta,beta,beta
beta,beta,beta
beta,beta,beta
beta,beta,beta
beta,beta,beta
beta,beta,beta
beta,beta,10
beta,beta,beta
beta,beta,beta
beta,beta,beta
beta,beta,10
beta,beta,beta
beta,beta,beta
beta,beta,beta
beta,beta,beta
beta,beta,beta
beta,beta,beta
beta,beta,beta
beta,beta,beta
beta,beta,beta
beta,beta,beta
beta,beta,beta
beta,beta,beta
beta,beta,beta
beta,beta,beta
beta,beta,beta
beta,beta,10
beta,beta,beta
beta,beta,beta
beta,beta,beta
beta,beta,beta
beta,beta,beta
beta,beta,beta
beta,beta,beta
beta,beta,beta
beta,beta,beta
beta,beta,beta
beta,beta,beta
beta,beta,beta
beta,beta,beta
beta,beta,beta
beta,beta,beta
beta,beta,beta
beta,beta,beta
beta,beta,beta
beta,beta,beta
beta,beta,beta
beta,beta,10
beta,beta,beta
beta,beta,beta
beta,beta,beta
beta,beta,beta
beta,beta,beta
beta,beta,beta
beta,beta,beta
beta,beta,beta
beta,beta,beta
beta,beta,beta
beta,beta,beta
beta,beta,beta
beta,beta,beta
beta,beta,beta
beta,beta,beta
beta,beta,beta
beta,beta,beta
beta,beta,beta
beta,beta,beta
beta,beta,beta
beta,beta,10
beta,beta,beta
beta,beta,beta
beta,beta,beta
beta,beta,beta
beta,beta,beta
beta,beta,beta
beta,beta,beta
beta,beta,beta
beta,beta,beta
beta,beta,beta
beta,beta,beta
beta,beta,beta
beta,beta,10
beta,beta,beta
beta,beta,beta
beta,beta,beta
beta,beta,beta
beta,beta,beta
beta,beta,beta
beta,delta,delta
beta,beta,beta
beta,beta,beta
beta,beta,10
beta,beta,beta
beta,beta,beta
beta,beta,beta
beta,beta,beta
beta,beta,beta
beta,beta,beta
beta,beta,beta
beta,beta,10
beta,beta,beta
beta,beta,beta
beta,beta,beta
beta,beta,beta
beta,beta,beta
beta,beta,beta
beta,beta,beta
beta,beta,beta
beta,beta,beta
beta,beta,beta
beta,beta,beta
beta,beta,beta
beta,beta,beta
beta,beta,beta
beta,beta,beta
beta,beta,beta
beta,beta,beta
beta,beta,beta
beta,beta,10
beta,beta,beta
beta,beta,10
beta,beta,10
beta,beta,beta
beta,beta,10
beta,beta,beta
beta,beta,10
beta,beta,10
beta,beta,beta
beta,beta,beta
beta,beta,beta
beta,beta,10
beta,beta,10
beta,beta,beta
beta,beta,beta
beta,beta,10
beta,beta,beta
beta,beta,10
beta,beta,10
beta,beta,10
beta,beta,beta
beta,beta,beta
beta,beta,beta
beta,beta,beta
beta,beta,beta
beta,beta,beta
beta,beta,10
beta,beta,10
beta,beta,beta
beta,beta,beta
beta,beta,10
beta,beta,beta
beta,beta,beta
beta,beta,beta
beta,beta,beta
beta,beta,beta
beta,beta,beta
beta,beta,beta
beta,beta,beta
beta,beta,beta
beta,beta,beta
beta,beta,beta
beta,beta,beta
beta,beta,beta
beta,beta,beta
beta,beta,10
beta,beta,beta
beta,beta,10
beta,beta,10
beta,beta,beta
beta,beta,beta
beta,beta,beta
beta,beta,beta
beta,beta,10
beta,beta,beta
beta,beta,10
beta,beta,10
beta,beta,10
beta,beta,10
beta,beta,beta
beta,beta,10
beta,beta,10
beta,beta,beta
beta,beta,beta
beta,beta,beta
beta,beta,beta
beta,beta,10
beta,beta,10
beta,beta,beta
beta,beta,10
beta,beta,10
beta,beta,beta
beta,beta,beta
beta,beta,10
beta,beta,10
beta,beta,10
beta,beta,10
beta,beta,beta
beta,beta,beta
beta,beta,beta
beta,beta,10
beta,beta,10
beta,beta,beta
beta,beta,beta
beta,beta,10
beta,beta,beta
beta,beta,beta
beta,beta,beta
beta,beta,beta
beta,beta,beta
beta,beta,10
beta,beta,beta
beta,beta,10
beta,beta,10
beta,beta,beta
beta,beta,beta
beta,beta,10
beta,beta,beta
beta,beta,beta
beta,beta,10
beta,beta,beta
beta,beta,beta
beta,beta,beta
beta,beta,beta
beta,beta,10
beta,beta,beta
beta,beta,beta
beta,beta,beta
beta,beta,beta
beta,beta,beta
beta,beta,10
beta,beta,beta
beta,beta,10
beta,beta,beta
beta,beta,beta
beta,beta,beta
beta,beta,beta
beta,beta,10
beta,beta,10
beta,beta,10
beta,beta,beta
beta,beta,beta
beta,beta,beta
beta,beta,beta
beta,beta,beta
beta,beta,beta
beta,beta,beta
beta,beta,beta
beta,beta,beta
beta,beta,beta
beta,beta,beta
beta,beta,10
beta,beta,beta
beta,beta,beta
beta,beta,beta
beta,beta,beta
beta,delta,delta
beta,beta,beta
beta,beta,beta
beta,beta,beta
beta,beta,beta
beta,beta,10
beta,beta,beta
beta,beta,beta
beta,beta,beta
beta,beta,beta
beta,beta,beta
beta,beta,beta
beta,beta,beta
ductal,gamma,13
ductal,alpha,13
ductal,alpha,alpha
ductal,alpha,alpha
ductal,alpha,13
ductal,alpha,alpha
ductal,alpha,13
ductal,alpha,13
ductal,alpha,alpha
ductal,alpha,alpha
ductal,gamma,13
ductal,alpha,13
ductal,alpha,alpha
ductal,alpha,alpha
ductal,alpha,13
ductal,alpha,13
ductal,beta,13
ductal,alpha,alpha
ductal,alpha,13
ductal,alpha,13
ductal,alpha,13
ductal,alpha,13
ductal,alpha,13
ductal,alpha,13
ductal,alpha,13
ductal,alpha,13
ductal,alpha,13
ductal,alpha,13
ductal,alpha,13
ductal,alpha,13
ductal,alpha,13
ductal,alpha,13
ductal,alpha,13
ductal,alpha,13
ductal,alpha,13
ductal,alpha,13
ductal,alpha,9
ductal,alpha,alpha
ductal,alpha,13
ductal,alpha,13
ductal,alpha,13
ductal,alpha,13
ductal,alpha,13
ductal,alpha,alpha
ductal,alpha,13
ductal,alpha,13
ductal,alpha,alpha
ductal,alpha,9
ductal,alpha,13
ductal,alpha,13
ductal,alpha,13
ductal,alpha,13
ductal,alpha,13
ductal,alpha,13
ductal,alpha,13
ductal,alpha,9
ductal,alpha,9
ductal,alpha,13
ductal,alpha,9
ductal,alpha,alpha
ductal,alpha,13
ductal,gamma,13
ductal,alpha,13
ductal,alpha,13
ductal,alpha,13
ductal,alpha,13
ductal,alpha,13
ductal,alpha,13
ductal,alpha,13
ductal,gamma,13
ductal,alpha,13
ductal,alpha,13
ductal,alpha,13
ductal,gamma,13
ductal,alpha,13
ductal,alpha,13
ductal,alpha,13
ductal,alpha,alpha
ductal,alpha,13
ductal,alpha,13
ductal,alpha,13
ductal,alpha,13
ductal,alpha,13
ductal,alpha,alpha
ductal,alpha,13
ductal,alpha,13
ductal,alpha,13
ductal,alpha,13
ductal,alpha,13
ductal,alpha,13
ductal,alpha,13
ductal,alpha,13
ductal,alpha,13
ductal,alpha,13
ductal,alpha,13
ductal,alpha,alpha
ductal,alpha,13
ductal,alpha,alpha
ductal,alpha,13
ductal,alpha,alpha
ductal,alpha,13
ductal,alpha,13
ductal,alpha,13
ductal,alpha,13
ductal,alpha,13
ductal,alpha,13
ductal,alpha,13
ductal,alpha,alpha
ductal,alpha,alpha
ductal,alpha,13
ductal,alpha,13
ductal,alpha,alpha
ductal,alpha,alpha
ductal,alpha,alpha
ductal,alpha,13
ductal,alpha,13
ductal,alpha,alpha
ductal,alpha,alpha
ductal,alpha,13
ductal,alpha,13
ductal,alpha,alpha
ductal,alpha,13
ductal,alpha,13
ductal,alpha,13
ductal,alpha,13
ductal,alpha,13
ductal,alpha,13
ductal,alpha,alpha
ductal,alpha,13
ductal,alpha,13
ductal,alpha,13
ductal,alpha,13
ductal,alpha,13
ductal,alpha,13
ductal,alpha,13
ductal,alpha,13
ductal,alpha,13
ductal,alpha,alpha
ductal,alpha,alpha
ductal,alpha,13
ductal,alpha,13
ductal,alpha,13
ductal,alpha,alpha
ductal,alpha,13
ductal,alpha,13
ductal,alpha,alpha
ductal,alpha,13
ductal,alpha,13
ductal,alpha,13
ductal,alpha,alpha
ductal,alpha,alpha
ductal,alpha,alpha
ductal,alpha,13
ductal,alpha,13
ductal,alpha,13
ductal,alpha,13
ductal,alpha,13
ductal,alpha,13
ductal,alpha,13
ductal,alpha,13
ductal,alpha,alpha
ductal,alpha,13
ductal,alpha,13
ductal,alpha,13
ductal,alpha,13
ductal,alpha,13
ductal,alpha,13
ductal,alpha,alpha
ductal,alpha,13
ductal,alpha,13
ductal,alpha,13
ductal,alpha,13
ductal,alpha,alpha
ductal,alpha,13
ductal,alpha,13
ductal,alpha,alpha
ductal,alpha,13
ductal,alpha,13
ductal,alpha,alpha
ductal,alpha,13
ductal,alpha,13
ductal,alpha,13
ductal,alpha,13
ductal,alpha,13
ductal,alpha,13
ductal,alpha,13
ductal,alpha,alpha
ductal,alpha,13
ductal,alpha,13
ductal,alpha,13
ductal,alpha,13
ductal,alpha,13
ductal,alpha,13
ductal,alpha,alpha
ductal,alpha,13
ductal,alpha,alpha
ductal,alpha,13
ductal,alpha,13
ductal,alpha,alpha
ductal,alpha,13
ductal,alpha,13
ductal,alpha,13
ductal,alpha,13
ductal,alpha,13
ductal,alpha,13
ductal,alpha,13
ductal,alpha,alpha
ductal,alpha,13
ductal,alpha,alpha
ductal,alpha,alpha
ductal,alpha,13
ductal,alpha,13
ductal,alpha,13
ductal,alpha,13
ductal,alpha,13
ductal,alpha,13
ductal,alpha,13
ductal,alpha,13
ductal,alpha,13
ductal,alpha,alpha
ductal,alpha,13
ductal,alpha,alpha
ductal,alpha,13
ductal,alpha,13
ductal,alpha,13
ductal,alpha,13
ductal,alpha,13
ductal,alpha,alpha
ductal,alpha,13
ductal,alpha,13
ductal,alpha,13
ductal,alpha,13
ductal,alpha,13
ductal,alpha,13
ductal,alpha,13
ductal,alpha,alpha
ductal,alpha,13
ductal,alpha,13
ductal,alpha,13
ductal,gamma,13
ductal,alpha,13
ductal,alpha,alpha
ductal,alpha,13
ductal,alpha,alpha
ductal,alpha,alpha
ductal,alpha,13
ductal,alpha,13
ductal,alpha,13
ductal,beta,13
ductal,alpha,alpha
ductal,alpha,13
ductal,alpha,13
ductal,alpha,13
ductal,alpha,13
ductal,alpha,13
ductal,alpha,13
ductal,gamma,13
ductal,alpha,13
endothelial,beta,14
endothelial,alpha,14
endothelial,alpha,14
endothelial,alpha,14
endothelial,alpha,14
endothelial,beta,14
endothelial,gamma,14
endothelial,beta,14
endothelial,beta,14
endothelial,alpha,14
endothelial,alpha,14
endothelial,beta,14
endothelial,beta,14
endothelial,beta,14
endothelial,alpha,14
endothelial,beta,14
endothelial,beta,14
endothelial,beta,14
endothelial,beta,14
endothelial,beta,14
endothelial,beta,14
activated_stellate,alpha,11
activated_stellate,alpha,alpha
activated_stellate,alpha,11
activated_stellate,alpha,11
activated_stellate,alpha,11
activated_stellate,alpha,11
activated_stellate,alpha,11
activated_stellate,alpha,11
activated_stellate,alpha,11
activated_stellate,alpha,11
activated_stellate,alpha,11
activated_stellate,alpha,alpha
activated_stellate,alpha,11
activated_stellate,alpha,11
activated_stellate,alpha,11
activated_stellate,alpha,alpha
activated_stellate,alpha,11
activated_stellate,alpha,11
activated_stellate,alpha,alpha
activated_stellate,alpha,11
activated_stellate,alpha,11
activated_stellate,alpha,11
activated_stellate,alpha,alpha
activated_stellate,alpha,alpha
activated_stellate,alpha,alpha
activated_stellate,alpha,11
activated_stellate,alpha,11
activated_stellate,alpha,11
activated_stellate,alpha,11
activated_stellate,alpha,alpha
activated_stellate,alpha,alpha
activated_stellate,alpha,11
activated_stellate,alpha,alpha
activated_stellate,alpha,alpha
activated_stellate,alpha,alpha
activated_stellate,alpha,11
activated_stellate,alpha,alpha
activated_stellate,alpha,11
activated_stellate,alpha,alpha
activated_stellate,alpha,11
activated_stellate,alpha,11
activated_stellate,alpha,11
activated_stellate,alpha,11
activated_stellate,alpha,alpha
activated_stellate,alpha,alpha
activated_stellate,alpha,11
activated_stellate,alpha,11
activated_stellate,alpha,11
activated_stellate,alpha,11
activated_stellate,alpha,11
activated_stellate,alpha,alpha
activated_stellate,alpha,alpha
activated_stellate,alpha,11
activated_stellate,alpha,11
activated_stellate,alpha,11
activated_stellate,alpha,alpha
activated_stellate,alpha,11
activated_stellate,alpha,11
activated_stellate,alpha,alpha
activated_stellate,alpha,11
activated_stellate,alpha,11
activated_stellate,alpha,11
activated_stellate,alpha,11
activated_stellate,alpha,11
activated_stellate,alpha,alpha
activated_stellate,alpha,11
activated_stellate,alpha,11
activated_stellate,alpha,11
activated_stellate,alpha,11
activated_stellate,alpha,11
activated_stellate,alpha,11
activated_stellate,delta,11
activated_stellate,alpha,11
activated_stellate,alpha,11
activated_stellate,alpha,11
activated_stellate,alpha,11
activated_stellate,alpha,11
activated_stellate,alpha,11
activated_stellate,alpha,11
activated_stellate,alpha,11
activated_stellate,alpha,11
activated_stellate,alpha,11
activated_stellate,alpha,alpha
activated_stellate,alpha,11
activated_stellate,alpha,11
activated_stellate,alpha,11
activated_stellate,alpha,11
activated_stellate,alpha,alpha
activated_stellate,alpha,11
activated_stellate,alpha,alpha
schwann,alpha,11
schwann,alpha,11
schwann,alpha,11
schwann,delta,11
mast,beta,3
mast,delta,3
mast,beta,3
mast,beta,beta
mast,alpha,3
mast,beta,3
macrophage,beta,1
macrophage,beta,1
macrophage,beta,beta
macrophage,beta,1
macrophage,beta,1
macrophage,beta,beta
macrophage,beta,beta
macrophage,beta,beta
macrophage,beta,beta
macrophage,beta,beta
macrophage,beta,beta
macrophage,beta,beta
macrophage,beta,beta
macrophage,beta,beta
macrophage,beta,1
epsilon,gamma,gamma
epsilon,gamma,8
epsilon,alpha,7
epsilon,gamma,8
quiescent_stellate,alpha,alpha
quiescent_stellate,alpha,11
quiescent_stellate,alpha,11
quiescent_stellate,alpha,11
quiescent_stellate,alpha,alpha
quiescent_stellate,beta,11
quiescent_stellate,gamma,11
quiescent_stellate,alpha,11
quiescent_stellate,alpha,11
quiescent_stellate,alpha,11
quiescent_stellate,alpha,11
quiescent_stellate,alpha,11
